-- phpMyAdmin SQL Dump
-- version 3.4.10.1
-- http://www.phpmyadmin.net
--
-- 主机: localhost
-- 生成日期: 2015 年 10 月 09 日 14:56
-- 服务器版本: 5.1.73
-- PHP 版本: 5.3.3

SET SQL_MODE="NO_AUTO_VALUE_ON_ZERO";
SET time_zone = "+00:00";


/*!40101 SET @OLD_CHARACTER_SET_CLIENT=@@CHARACTER_SET_CLIENT */;
/*!40101 SET @OLD_CHARACTER_SET_RESULTS=@@CHARACTER_SET_RESULTS */;
/*!40101 SET @OLD_COLLATION_CONNECTION=@@COLLATION_CONNECTION */;
/*!40101 SET NAMES utf8 */;

--
-- 数据库: `ypyz_api`
--

-- --------------------------------------------------------

--
-- 表的结构 `ypyz_attachment`
--

CREATE TABLE IF NOT EXISTS `ypyz_attachment` (
  `aid` int(10) unsigned NOT NULL AUTO_INCREMENT COMMENT '附件自增ID',
  `moduleid` varchar(50) DEFAULT '0' COMMENT '所属模型ID',
  `catid` smallint(5) unsigned DEFAULT '0' COMMENT '分类ID',
  `id` int(8) unsigned DEFAULT '0' COMMENT '用于识别从属于那种图的缩略图',
  `filename` varchar(50) DEFAULT '' COMMENT '文件名称',
  `savename` varchar(50) NOT NULL COMMENT '保存名称',
  `filepath` varchar(80) DEFAULT '' COMMENT '文件路径',
  `filesize` int(10) unsigned DEFAULT '0' COMMENT '文件大小',
  `fileext` char(10) DEFAULT '' COMMENT '文件扩展名',
  `isimage` tinyint(1) unsigned DEFAULT '0' COMMENT '是否是原图',
  `isthumb` tinyint(1) unsigned DEFAULT '0' COMMENT '是否为缩略图',
  `userid` varchar(50) DEFAULT NULL COMMENT '创建者ID',
  `createtime` int(10) unsigned DEFAULT '0' COMMENT '创建时间',
  `uploadip` char(15) DEFAULT '' COMMENT '上传时的IP',
  `status` tinyint(1) unsigned DEFAULT '0' COMMENT '状态：0未使用，1已使用',
  PRIMARY KEY (`aid`)
) ENGINE=MyISAM  DEFAULT CHARSET=utf8 AUTO_INCREMENT=132 ;

--
-- 转存表中的数据 `ypyz_attachment`
--

INSERT INTO `ypyz_attachment` (`aid`, `moduleid`, `catid`, `id`, `filename`, `savename`, `filepath`, `filesize`, `fileext`, `isimage`, `isthumb`, `userid`, `createtime`, `uploadip`, `status`) VALUES
(119, 'inquiry', 0, 0, 'u=2162766932,244861494&fm=116&gp=0.jpg', '', '', 5023, 'jpg', 1, 0, '15919940006', 1444356651, '183.16.189.39', 0),
(118, 'inquiry', 0, 0, 'u=2162766932,244861494&fm=116&gp=0.jpg', '', '', 5023, 'jpg', 1, 0, '15919940006', 1444356503, '183.16.189.39', 0),
(117, 'inquiry', 0, 0, 'u=2162766932,244861494&fm=116&gp=0.jpg', '', '', 5023, 'jpg', 1, 0, '15919940006', 1444355081, '127.0.0.1', 0),
(120, 'inquiry', 0, 0, 'u=2162766932,244861494&fm=116&gp=0.jpg', '201510091015235617233b5645c.jpg', '', 5023, 'jpg', 1, 0, '15919940006', 1444356923, '183.16.189.39', 0),
(121, 'inquiry', 0, 0, 'u=2162766932,244861494&fm=116&gp=0.jpg', '2015100912113856173e7acda44.jpg', '', 5023, 'jpg', 1, 0, '15919940006', 1444363898, '183.16.189.39', 0),
(122, 'inquiry', 0, 0, 'u=2162766932,244861494&fm=116&gp=0.jpg', '2015100912115056173e86b0302.jpg', '', 5023, 'jpg', 1, 0, '15919940006', 1444363910, '183.16.189.39', 0),
(123, 'inquiry', 0, 0, 'u=3841157212,2135341815&fm=116&gp=0.jpg', '2015100912115056173e86bce15.jpg', '', 7851, 'jpg', 1, 0, '15919940006', 1444363910, '183.16.189.39', 0),
(124, 'inquiry', 0, 0, 'u=2162766932,244861494&fm=116&gp=0.jpg', '20151009121934561740563b4dc.jpg', '', 5023, 'jpg', 1, 0, '15919940006', 1444364374, '183.16.189.39', 0),
(125, 'inquiry', 0, 0, 'u=3580210867,3098509580&fm=116&gp=0.jpg', '201510091219345617405643161.jpg', '', 4173, 'jpg', 1, 0, '15919940006', 1444364374, '183.16.189.39', 0),
(126, 'inquiry', 0, 0, 'u=2162766932,244861494&fm=116&gp=0.jpg', '201510091224195617417338aa6.jpg', '', 5023, 'jpg', 1, 0, '15919940006', 1444364659, '183.16.189.39', 0),
(127, 'inquiry', 0, 0, 'u=3580210867,3098509580&fm=116&gp=0.jpg', '201510091224195617417339a98.jpg', '', 4173, 'jpg', 1, 0, '15919940006', 1444364659, '183.16.189.39', 0),
(128, 'inquiry', 0, 0, 'u=3841157212,2135341815&fm=116&gp=0.jpg', '20151009123005561742cd7f8e8.jpg', '', 7851, 'jpg', 1, 0, '15919940006', 1444365005, '183.16.189.39', 0),
(129, 'inquiry', 0, 0, 'u=2162766932,244861494&fm=116&gp=0.jpg', '20151009123005561742cd80a0a.jpg', '', 5023, 'jpg', 1, 0, '15919940006', 1444365005, '183.16.189.39', 0),
(130, 'inquiry', 0, 0, 'u=3580210867,3098509580&fm=116&gp=0.jpg', '20151009123005561742cd80d1e.jpg', '', 4173, 'jpg', 1, 0, '15919940006', 1444365005, '183.16.189.39', 0),
(131, 'inquiry', 0, 0, 'u=2162766932,244861494&fm=116&gp=0.jpg', '20151009123034561742ea46ce9.jpg', '', 5023, 'jpg', 1, 0, '15919940006', 1444365034, '183.16.189.39', 0);

-- --------------------------------------------------------

--
-- 表的结构 `ypyz_casehistory`
--

CREATE TABLE IF NOT EXISTS `ypyz_casehistory` (
  `casehistory_id` int(11) NOT NULL AUTO_INCREMENT COMMENT '病历ID',
  `patient_id` int(11) NOT NULL COMMENT '病人ID',
  `content` varchar(200) NOT NULL COMMENT '病历内容',
  PRIMARY KEY (`casehistory_id`)
) ENGINE=InnoDB DEFAULT CHARSET=utf8 COMMENT='电子病历' AUTO_INCREMENT=1 ;

-- --------------------------------------------------------

--
-- 表的结构 `ypyz_dialog`
--

CREATE TABLE IF NOT EXISTS `ypyz_dialog` (
  `dialog_id` int(11) NOT NULL AUTO_INCREMENT COMMENT '问诊对话ID编号',
  `inquiry_id` int(11) NOT NULL COMMENT '所属的问诊信息ID',
  `by_userid` varchar(100) NOT NULL COMMENT '发送者用户ID',
  `to_userid` varchar(100) DEFAULT '0' COMMENT '接收者用户ID,默认0：不指定接收者',
  `reply_id` int(11) DEFAULT '0' COMMENT '哪一条对话的回信。默认0：不指定对话',
  `message` varchar(200) NOT NULL COMMENT '发送的消息',
  `send_time` int(11) NOT NULL COMMENT '发送时间',
  `is_read` int(11) DEFAULT '0' COMMENT '消息是否为已读，默认为0：未读，1：已读',
  PRIMARY KEY (`dialog_id`)
) ENGINE=InnoDB  DEFAULT CHARSET=utf8 COMMENT='问诊对话' AUTO_INCREMENT=48 ;

--
-- 转存表中的数据 `ypyz_dialog`
--

INSERT INTO `ypyz_dialog` (`dialog_id`, `inquiry_id`, `by_userid`, `to_userid`, `reply_id`, `message`, `send_time`, `is_read`) VALUES
(1, 1, '15919940006', '0', 0, '你好！我有病……', 1443160739, 0),
(2, 1, '64', '15919940006', 1, '你好！什么病……', 1443160781, 1),
(3, 1, '15919940006', '0', 0, '你好！高血压，怎么办……', 1443160781, 0),
(4, 1, '64', '15919940006', 3, '你好！先用血压计测量一下……', 1443160781, 1),
(5, 1, '64', '15919940006', 3, '你好！看看有多高……', 1443160782, 1),
(6, 1, '15919940006', '0', 0, '你好！嗯，好的，我先去测一下……', 1443160782, 0),
(7, 21, '15919940006', '0', 0, '你好！我有病……', 1443160782, 0),
(8, 23, '32', '0', 0, '你好！我有病……', 1443164880, 0),
(9, 23, '32', '0', 0, '你好！我有病……', 1443164882, 0),
(10, 23, '32', '0', 0, '你好！我有病……', 1443164883, 0),
(11, 23, '32', '0', 0, '你好！我有病……', 1443164888, 0),
(12, 23, '32', '0', 0, '你好！我有病……', 1443164896, 0),
(13, 23, '32', '0', 0, '你好！我有病……', 1443164950, 0),
(14, 23, '32', '0', 0, '你好！我有病……', 1443164954, 0),
(15, 23, '32', '0', 0, '你好！我有病……', 1443165115, 0),
(16, 23, '32', '0', 0, '你好！我有病……', 1443165141, 0),
(17, 23, '32', '0', 0, '你好！我有病……', 1443165142, 0),
(18, 23, '32', '0', 0, '你好！我有病……', 1443165142, 0),
(19, 23, '32', '0', 0, '你好！我有病……', 1443165142, 0),
(20, 23, '32', '0', 0, '你好！我有病……', 1443165142, 0),
(21, 23, '32', '0', 0, '你好！我有病……', 1443165142, 0),
(22, 23, '32', '0', 0, '你好！我有病……', 1443165143, 0),
(23, 23, '32', '0', 0, '你好！我有病……', 1443168498, 0),
(24, 23, '32', '0', 0, '你好！我有病……', 1443338227, 0),
(25, 23, '15919940006', '0', 0, '你好！我有病……', 1443425939, 0),
(26, 23, '15919940006', '0', 0, '你好！我有病……', 1443426045, 0),
(27, 23, '15919940006', '0', 0, '你好！我有病……', 1443426046, 0),
(28, 40, '15919940006', '0', 0, '你好！我有病……', 1443426230, 0),
(29, 40, '15919940006', '0', 0, '你好！我有病……', 1443426313, 0),
(30, 40, '15919940006', '0', 0, '你好！我有病……', 1443426346, 0),
(31, 40, '15919940006', '0', 0, '你好！我有病……', 1443426349, 0),
(32, 40, '15919940006', '0', 0, '你好！我有病……', 1443426597, 0),
(33, 1, '15919940006', '0', 0, '你好！我有病……', 1443464620, 0),
(34, 1, '15919940006', '0', 0, '你好！我有病……', 1443502080, 0),
(35, 1, '15919940006', '0', 0, '你好！我有病……', 1443502272, 0),
(36, 1, '15919940006', '0', 0, '你好！我有病……', 1443502273, 0),
(37, 1, '15919940006', '0', 0, '你好！我有病……', 1443502274, 0),
(38, 1, '15919940006', '0', 0, '你好！我有病……', 1443502274, 0),
(39, 1, '15919940006', '0', 0, '你好！我有病……', 1443502274, 0),
(40, 1, '15919940006', '0', 0, '你好！我有病……', 1443502275, 0),
(41, 1, '15919940006', '0', 0, '你好！我有病……', 1443502275, 0),
(42, 1, '15919940006', '0', 0, '你好！我有病……', 1443502275, 0),
(43, 1, '15919940006', '0', 0, '你好！我3有病……', 1443502279, 0),
(44, 1, '15919940006', '0', 0, '你好！我3有病……', 1443502293, 0),
(45, 3, '15919940006', '0', 0, '你好！我3有病……', 1443502304, 0),
(46, 3, '15919940006', '0', 0, '你好！我3有病……', 1443512792, 0),
(47, 3, '15919940006', '0', 0, '你好！我3有病……', 1443512822, 0);

-- --------------------------------------------------------

--
-- 表的结构 `ypyz_doctor`
--

CREATE TABLE IF NOT EXISTS `ypyz_doctor` (
  `doctor_id` int(11) NOT NULL AUTO_INCREMENT COMMENT '医生ID',
  `doctor_name` varchar(50) NOT NULL COMMENT '医生名称',
  `register_time` int(11) NOT NULL COMMENT '注册时间',
  PRIMARY KEY (`doctor_id`)
) ENGINE=InnoDB DEFAULT CHARSET=utf8 COMMENT='医生信息' AUTO_INCREMENT=1 ;

-- --------------------------------------------------------

--
-- 表的结构 `ypyz_inquiry`
--

CREATE TABLE IF NOT EXISTS `ypyz_inquiry` (
  `inquiry_id` int(11) NOT NULL AUTO_INCREMENT COMMENT '问诊id编号',
  `patient_id` varchar(100) NOT NULL COMMENT '病人id',
  `casehistory_id` int(11) DEFAULT '0' COMMENT '病人病历id,默认值0:不关联病历，其他值：关联外键ID',
  `picture` varchar(500) DEFAULT NULL COMMENT '附加图片附件数据。使用逗号分隔多图路径，最多三张图，也可不填。',
  `description` varchar(200) NOT NULL COMMENT '病情及症状描述',
  `public_userid` varchar(100) NOT NULL COMMENT '发布人ID',
  `public_time` int(11) NOT NULL COMMENT '发布时间',
  `is_solve` int(11) DEFAULT '0' COMMENT '是否解决,默认值0:未解决,1:已解决',
  `end_time` int(11) NOT NULL DEFAULT '0' COMMENT '解决时间',
  `is_reply` int(11) NOT NULL DEFAULT '0' COMMENT '是否有回复，0：待回复，1：已回复',
  `last_reply_time` int(11) NOT NULL DEFAULT '0' COMMENT '最后回复时间',
  `last_reply_userid` int(11) NOT NULL DEFAULT '0' COMMENT '最后回复者的ID',
  PRIMARY KEY (`inquiry_id`)
) ENGINE=InnoDB  DEFAULT CHARSET=utf8 COMMENT='问诊信息' AUTO_INCREMENT=109 ;

--
-- 转存表中的数据 `ypyz_inquiry`
--

INSERT INTO `ypyz_inquiry` (`inquiry_id`, `patient_id`, `casehistory_id`, `picture`, `description`, `public_userid`, `public_time`, `is_solve`, `end_time`, `is_reply`, `last_reply_time`, `last_reply_userid`) VALUES
(1, '15919940005', 11, '20151009123034561742ea46ce9.jpg,20151009123034561742ea46ce9.jpg,20151009123034561742ea46ce9.jpg,20151009123034561742ea46ce9.jpg,20151009123034561742ea46ce9.jpg', '士大夫加快速度', '15919940006', 11, 1, 11, 11, 11, 11),
(2, '15919940005', 11, '20151009123034561742ea46ce9.jpg,20151009123034561742ea46ce9.jpg,20151009123034561742ea46ce9.jpg,20151009123034561742ea46ce9.jpg,20151009123034561742ea46ce9.jpg', '士大夫士大夫文人为', '15919940006', 11, 1, 11, 11, 11, 11),
(3, '15919940005', 1, '20151009123034561742ea46ce9.jpg,20151009123034561742ea46ce9.jpg,20151009123034561742ea46ce9.jpg,20151009123034561742ea46ce9.jpg,20151009123034561742ea46ce9.jpg', '活着咨询的问题已得到解决', '15919940006', 1443146217, 0, 0, 0, 0, 0),
(4, '15919940005', 1, '20151009123034561742ea46ce9.jpg,20151009123034561742ea46ce9.jpg,20151009123034561742ea46ce9.jpg,20151009123034561742ea46ce9.jpg,20151009123034561742ea46ce9.jpg', '活着咨询的问题已得到解决', '15919940006', 1443146585, 0, 0, 0, 0, 0),
(5, '21', 1, '20151009123034561742ea46ce9.jpg,20151009123034561742ea46ce9.jpg,20151009123034561742ea46ce9.jpg,20151009123034561742ea46ce9.jpg,20151009123034561742ea46ce9.jpg', '活着咨询的问题已得到解决', '23', 1443146671, 0, 0, 0, 0, 0),
(6, '21', 1, '20151009123034561742ea46ce9.jpg,20151009123034561742ea46ce9.jpg,20151009123034561742ea46ce9.jpg,20151009123034561742ea46ce9.jpg,20151009123034561742ea46ce9.jpg', '活着咨询的问题已得到解决', '23', 1443146907, 0, 0, 0, 0, 0),
(7, '21', 1, '20151009123034561742ea46ce9.jpg,20151009123034561742ea46ce9.jpg,20151009123034561742ea46ce9.jpg,20151009123034561742ea46ce9.jpg,20151009123034561742ea46ce9.jpg', '活着咨询的问题已得到解决', '23', 1443146911, 0, 0, 0, 0, 0),
(8, '21', 1, '20151009123034561742ea46ce9.jpg,20151009123034561742ea46ce9.jpg,20151009123034561742ea46ce9.jpg,20151009123034561742ea46ce9.jpg,20151009123034561742ea46ce9.jpg', '活着咨询的问题已得到解决', '23', 1443147121, 1, 0, 0, 0, 0),
(9, '21', 1, '20151009123034561742ea46ce9.jpg,20151009123034561742ea46ce9.jpg,20151009123034561742ea46ce9.jpg,20151009123034561742ea46ce9.jpg,20151009123034561742ea46ce9.jpg', '活着咨询的问题已得到解决', '23', 1443147126, 0, 0, 0, 0, 0),
(10, '21', 1, '20151009123034561742ea46ce9.jpg,20151009123034561742ea46ce9.jpg,20151009123034561742ea46ce9.jpg,20151009123034561742ea46ce9.jpg,20151009123034561742ea46ce9.jpg', '活着咨询的问题已得到解决', '23', 1443147164, 0, 0, 0, 0, 0),
(11, '21', 1, '20151009123034561742ea46ce9.jpg,20151009123034561742ea46ce9.jpg,20151009123034561742ea46ce9.jpg,20151009123034561742ea46ce9.jpg,20151009123034561742ea46ce9.jpg', '活着咨询的问题已得到解决', '23', 1443147165, 0, 0, 0, 0, 0),
(12, '21', 1, '20151009123034561742ea46ce9.jpg,20151009123034561742ea46ce9.jpg,20151009123034561742ea46ce9.jpg,20151009123034561742ea46ce9.jpg,20151009123034561742ea46ce9.jpg', '活着咨询的问题已得到解决', '23', 1443147165, 1, 0, 0, 0, 0),
(13, '21', 1, '20151009123034561742ea46ce9.jpg,20151009123034561742ea46ce9.jpg,20151009123034561742ea46ce9.jpg,20151009123034561742ea46ce9.jpg,20151009123034561742ea46ce9.jpg', '活着咨询的问题已得到解决', '23', 1443147166, 1, 0, 0, 0, 0),
(14, '21', 1, '20151009123034561742ea46ce9.jpg,20151009123034561742ea46ce9.jpg,20151009123034561742ea46ce9.jpg,20151009123034561742ea46ce9.jpg,20151009123034561742ea46ce9.jpg', '活着咨询的问题已得到解决', '23', 1443147166, 0, 0, 0, 0, 0),
(15, '21', 1, '20151009123034561742ea46ce9.jpg,20151009123034561742ea46ce9.jpg,20151009123034561742ea46ce9.jpg,20151009123034561742ea46ce9.jpg,20151009123034561742ea46ce9.jpg', '活着咨询的问题已得到解决', '23', 1443147166, 0, 0, 0, 0, 0),
(16, '21', 1, '20151009123034561742ea46ce9.jpg,20151009123034561742ea46ce9.jpg,20151009123034561742ea46ce9.jpg,20151009123034561742ea46ce9.jpg,20151009123034561742ea46ce9.jpg', '活着咨询的问题已得到解决', '23', 1443147166, 1, 0, 0, 0, 0),
(17, '21', 1, '20151009123034561742ea46ce9.jpg,20151009123034561742ea46ce9.jpg,20151009123034561742ea46ce9.jpg,20151009123034561742ea46ce9.jpg,20151009123034561742ea46ce9.jpg', '活着咨询的问题已得到解决', '23', 1443147166, 0, 0, 0, 0, 0),
(18, '1', 3, '20151009123034561742ea46ce9.jpg,20151009123034561742ea46ce9.jpg,20151009123034561742ea46ce9.jpg,20151009123034561742ea46ce9.jpg,20151009123034561742ea46ce9.jpg', '还有谁', '21', 1443147231, 1, 0, 0, 0, 0),
(19, '21', 1, '20151009123034561742ea46ce9.jpg,20151009123034561742ea46ce9.jpg,20151009123034561742ea46ce9.jpg,20151009123034561742ea46ce9.jpg,20151009123034561742ea46ce9.jpg', '活着咨询的问题已得到解决', '23', 1443150219, 0, 0, 0, 0, 0),
(20, '21', 1, '20151009123034561742ea46ce9.jpg,20151009123034561742ea46ce9.jpg,20151009123034561742ea46ce9.jpg,20151009123034561742ea46ce9.jpg,20151009123034561742ea46ce9.jpg', '活着咨询的问题已得到解决', '23', 1443150281, 0, 0, 0, 0, 0),
(21, '21', 1, '20151009123034561742ea46ce9.jpg,20151009123034561742ea46ce9.jpg,20151009123034561742ea46ce9.jpg,20151009123034561742ea46ce9.jpg,20151009123034561742ea46ce9.jpg', '活着咨询的问题已得到解决', '23', 1443150284, 1, 0, 0, 0, 0),
(22, '21', 1, '20151009123034561742ea46ce9.jpg,20151009123034561742ea46ce9.jpg,20151009123034561742ea46ce9.jpg,20151009123034561742ea46ce9.jpg,20151009123034561742ea46ce9.jpg', '活着咨询的问题已得到解决', '23', 1443153896, 0, 0, 0, 0, 0),
(23, '21', 1, '20151009123034561742ea46ce9.jpg,20151009123034561742ea46ce9.jpg,20151009123034561742ea46ce9.jpg,20151009123034561742ea46ce9.jpg,20151009123034561742ea46ce9.jpg', '活着咨询的问题已得到解决', '23', 1443153898, 0, 0, 0, 0, 0),
(24, '21', 1, '20151009123034561742ea46ce9.jpg,20151009123034561742ea46ce9.jpg,20151009123034561742ea46ce9.jpg,20151009123034561742ea46ce9.jpg,20151009123034561742ea46ce9.jpg', '活着咨询的问题已得到解决', '23', 1443153898, 0, 0, 0, 0, 0),
(25, '21', 1, '20151009123034561742ea46ce9.jpg,20151009123034561742ea46ce9.jpg,20151009123034561742ea46ce9.jpg,20151009123034561742ea46ce9.jpg,20151009123034561742ea46ce9.jpg', '活着咨询的问题已得到解决', '23', 1443329033, 1, 0, 0, 0, 0),
(26, '21', 1, '20151009123034561742ea46ce9.jpg,20151009123034561742ea46ce9.jpg,20151009123034561742ea46ce9.jpg,20151009123034561742ea46ce9.jpg,20151009123034561742ea46ce9.jpg', '活着咨询的问题已得到解决', '23', 1443329105, 0, 0, 0, 0, 0),
(27, '21', 1, '20151009123034561742ea46ce9.jpg,20151009123034561742ea46ce9.jpg,20151009123034561742ea46ce9.jpg,20151009123034561742ea46ce9.jpg,20151009123034561742ea46ce9.jpg', '活着咨询的问题已得到解决2222', '23', 1443338466, 0, 0, 0, 0, 0),
(28, '21', 1, '20151009123034561742ea46ce9.jpg,20151009123034561742ea46ce9.jpg,20151009123034561742ea46ce9.jpg,20151009123034561742ea46ce9.jpg,20151009123034561742ea46ce9.jpg', '活着咨询的问题已得到解决2222', '23', 1443340178, 1, 0, 0, 0, 0),
(29, '21', 1, '20151009123034561742ea46ce9.jpg,20151009123034561742ea46ce9.jpg,20151009123034561742ea46ce9.jpg,20151009123034561742ea46ce9.jpg,20151009123034561742ea46ce9.jpg', '活着咨询的问题已得到解决2222', '23', 1443340181, 0, 0, 0, 0, 0),
(30, '21', 1, '20151009123034561742ea46ce9.jpg,20151009123034561742ea46ce9.jpg,20151009123034561742ea46ce9.jpg,20151009123034561742ea46ce9.jpg,20151009123034561742ea46ce9.jpg', '活着咨询的问题已得到解决', '23', 1443424154, 0, 0, 0, 0, 0),
(31, '21', 1, '20151009123034561742ea46ce9.jpg,20151009123034561742ea46ce9.jpg,20151009123034561742ea46ce9.jpg,20151009123034561742ea46ce9.jpg,20151009123034561742ea46ce9.jpg', '活着咨询的问题已得到解决', '23', 1443424168, 0, 0, 0, 0, 0),
(32, '21', 1, '20151009123034561742ea46ce9.jpg,20151009123034561742ea46ce9.jpg,20151009123034561742ea46ce9.jpg,20151009123034561742ea46ce9.jpg,20151009123034561742ea46ce9.jpg', '活着咨询的问题已得到解决', '23', 1443424169, 1, 0, 0, 0, 0),
(33, '21', 1, '20151009123034561742ea46ce9.jpg,20151009123034561742ea46ce9.jpg,20151009123034561742ea46ce9.jpg,20151009123034561742ea46ce9.jpg,20151009123034561742ea46ce9.jpg', '活着咨询的问题已得到解决', '23', 1443424225, 0, 0, 0, 0, 0),
(34, '21', 1, '20151009123034561742ea46ce9.jpg,20151009123034561742ea46ce9.jpg,20151009123034561742ea46ce9.jpg,20151009123034561742ea46ce9.jpg,20151009123034561742ea46ce9.jpg', '活着咨询的问题已得到解决', '23', 1443424297, 0, 0, 0, 0, 0),
(35, '21', 1, '20151009123034561742ea46ce9.jpg,20151009123034561742ea46ce9.jpg,20151009123034561742ea46ce9.jpg,20151009123034561742ea46ce9.jpg,20151009123034561742ea46ce9.jpg', '活着咨询的问题已得到解决', '23', 1443424356, 0, 0, 0, 0, 0),
(36, '21', 1, '20151009123034561742ea46ce9.jpg,20151009123034561742ea46ce9.jpg,20151009123034561742ea46ce9.jpg,20151009123034561742ea46ce9.jpg,20151009123034561742ea46ce9.jpg', '活着咨询的问题已得到解决', '23', 1443424731, 0, 0, 0, 0, 0),
(37, '21', 1, '20151009123034561742ea46ce9.jpg,20151009123034561742ea46ce9.jpg,20151009123034561742ea46ce9.jpg,20151009123034561742ea46ce9.jpg,20151009123034561742ea46ce9.jpg', '活着咨询的问题已得到解决', '23', 1443424744, 0, 0, 0, 0, 0),
(38, '15919940003', 1, '20151009123034561742ea46ce9.jpg,20151009123034561742ea46ce9.jpg,20151009123034561742ea46ce9.jpg,20151009123034561742ea46ce9.jpg,20151009123034561742ea46ce9.jpg', '活着咨询的问题已得到解决', '15919940006', 1443425193, 0, 0, 0, 0, 0),
(39, '15919940003', 1, '20151009123034561742ea46ce9.jpg,20151009123034561742ea46ce9.jpg,20151009123034561742ea46ce9.jpg,20151009123034561742ea46ce9.jpg,20151009123034561742ea46ce9.jpg', '', '15919940006', 1443425521, 0, 0, 0, 0, 0),
(40, '15919940005', 1, '20151009123034561742ea46ce9.jpg,20151009123034561742ea46ce9.jpg,20151009123034561742ea46ce9.jpg,20151009123034561742ea46ce9.jpg,20151009123034561742ea46ce9.jpg', '', '15919940006', 1443425594, 0, 0, 0, 0, 0),
(41, '15919940005', 0, '20151009123034561742ea46ce9.jpg,20151009123034561742ea46ce9.jpg,20151009123034561742ea46ce9.jpg,20151009123034561742ea46ce9.jpg,20151009123034561742ea46ce9.jpg', '活着咨询的问题已得到解决', '15919940006', 1443459376, 1, 0, 0, 0, 0),
(42, '15919940003', 0, '20151009123034561742ea46ce9.jpg,20151009123034561742ea46ce9.jpg,20151009123034561742ea46ce9.jpg,20151009123034561742ea46ce9.jpg,20151009123034561742ea46ce9.jpg', '活着咨询的问题已得到解决', '15919940006', 1443459477, 1, 0, 0, 0, 0),
(43, '21', 0, '20151009123034561742ea46ce9.jpg,20151009123034561742ea46ce9.jpg,20151009123034561742ea46ce9.jpg,20151009123034561742ea46ce9.jpg,20151009123034561742ea46ce9.jpg', '活着咨询的问题已得到解决', '15919940006', 1443493342, 0, 0, 0, 0, 0),
(44, '15919940005', 0, '20151009123034561742ea46ce9.jpg,20151009123034561742ea46ce9.jpg,20151009123034561742ea46ce9.jpg,20151009123034561742ea46ce9.jpg,20151009123034561742ea46ce9.jpg', '活着咨询的问题已得到解决', '15919940006', 1443493380, 0, 0, 0, 0, 0),
(45, '15919940002', 0, '20151009123034561742ea46ce9.jpg,20151009123034561742ea46ce9.jpg,20151009123034561742ea46ce9.jpg,20151009123034561742ea46ce9.jpg,20151009123034561742ea46ce9.jpg', '活着咨询的问题已得到解决', '15919940006', 1443493581, 0, 0, 0, 0, 0),
(46, '15919940002', 0, '20151009123034561742ea46ce9.jpg,20151009123034561742ea46ce9.jpg,20151009123034561742ea46ce9.jpg,20151009123034561742ea46ce9.jpg,20151009123034561742ea46ce9.jpg', '活着咨询的问题已得到解决', '15919940006', 1443493711, 0, 0, 0, 0, 0),
(47, '15919940002', 0, '20151009123034561742ea46ce9.jpg,20151009123034561742ea46ce9.jpg,20151009123034561742ea46ce9.jpg,20151009123034561742ea46ce9.jpg,20151009123034561742ea46ce9.jpg', '活着咨询的问题已得到解决', '15919940006', 1443496246, 0, 0, 0, 0, 0),
(48, '15919940002', 0, '20151009123034561742ea46ce9.jpg,20151009123034561742ea46ce9.jpg,20151009123034561742ea46ce9.jpg,20151009123034561742ea46ce9.jpg,20151009123034561742ea46ce9.jpg', '活着咨询的问题已得到解决', '15919940006', 1443496253, 0, 0, 0, 0, 0),
(49, '15919940002', 0, '20151009123034561742ea46ce9.jpg,20151009123034561742ea46ce9.jpg,20151009123034561742ea46ce9.jpg,20151009123034561742ea46ce9.jpg,20151009123034561742ea46ce9.jpg', '活着咨询的问题已得到解决', '15919940006', 1443496402, 0, 0, 0, 0, 0),
(50, '15919940002', 0, '20151009123034561742ea46ce9.jpg,20151009123034561742ea46ce9.jpg,20151009123034561742ea46ce9.jpg,20151009123034561742ea46ce9.jpg,20151009123034561742ea46ce9.jpg', '活着咨询的问题已得到解决', '15919940006', 1443496404, 0, 0, 0, 0, 0),
(51, '15919940002', 0, '20151009123034561742ea46ce9.jpg,20151009123034561742ea46ce9.jpg,20151009123034561742ea46ce9.jpg,20151009123034561742ea46ce9.jpg,20151009123034561742ea46ce9.jpg', '活着咨询的问题已得到解决', '15919940006', 1443496434, 0, 0, 0, 0, 0),
(52, '15919940002', 0, '20151009123034561742ea46ce9.jpg,20151009123034561742ea46ce9.jpg,20151009123034561742ea46ce9.jpg,20151009123034561742ea46ce9.jpg,20151009123034561742ea46ce9.jpg', '活着咨询的问题已得到解决', '15919940006', 1443496447, 0, 0, 0, 0, 0),
(53, '15919940002', 0, '20151009123034561742ea46ce9.jpg,20151009123034561742ea46ce9.jpg,20151009123034561742ea46ce9.jpg,20151009123034561742ea46ce9.jpg,20151009123034561742ea46ce9.jpg', '活着咨询的问题已得到解决', '15919940006', 1443498498, 0, 0, 0, 0, 0),
(54, '15919940002', 0, '20151009123034561742ea46ce9.jpg,20151009123034561742ea46ce9.jpg,20151009123034561742ea46ce9.jpg,20151009123034561742ea46ce9.jpg,20151009123034561742ea46ce9.jpg', '活着咨询的问题已得到解决', '15919940006', 1443498611, 0, 0, 0, 0, 0),
(55, '15919940002', 0, '20151009123034561742ea46ce9.jpg,20151009123034561742ea46ce9.jpg,20151009123034561742ea46ce9.jpg,20151009123034561742ea46ce9.jpg,20151009123034561742ea46ce9.jpg', '活着咨询的问题已得到解决', '15919940006', 1443498655, 0, 0, 0, 0, 0),
(56, '15919940002', 0, '20151009123034561742ea46ce9.jpg,20151009123034561742ea46ce9.jpg,20151009123034561742ea46ce9.jpg,20151009123034561742ea46ce9.jpg,20151009123034561742ea46ce9.jpg', '活着咨询的问题已得到解决', '15919940006', 1443499981, 0, 0, 0, 0, 0),
(57, '15919940002', 0, '20151009123034561742ea46ce9.jpg,20151009123034561742ea46ce9.jpg,20151009123034561742ea46ce9.jpg,20151009123034561742ea46ce9.jpg,20151009123034561742ea46ce9.jpg', '活着咨询的问题已得到解决', '15919940006', 1443500064, 0, 0, 0, 0, 0),
(58, '15919940002', 0, '20151009123034561742ea46ce9.jpg,20151009123034561742ea46ce9.jpg,20151009123034561742ea46ce9.jpg,20151009123034561742ea46ce9.jpg,20151009123034561742ea46ce9.jpg', '活着咨询的问题已得到解决', '15919940006', 1443500066, 0, 0, 0, 0, 0),
(59, '15919940002', 0, '20151009123034561742ea46ce9.jpg,20151009123034561742ea46ce9.jpg,20151009123034561742ea46ce9.jpg,20151009123034561742ea46ce9.jpg,20151009123034561742ea46ce9.jpg', '活着咨询的问题已得到解决', '15919940006', 1443500078, 0, 0, 0, 0, 0),
(60, '15919940002', 0, '20151009123034561742ea46ce9.jpg,20151009123034561742ea46ce9.jpg,20151009123034561742ea46ce9.jpg,20151009123034561742ea46ce9.jpg,20151009123034561742ea46ce9.jpg', '活着咨询的问题已得到解决', '15919940006', 1443500167, 0, 0, 0, 0, 0),
(61, '15919940002', 0, '20151009123034561742ea46ce9.jpg,20151009123034561742ea46ce9.jpg,20151009123034561742ea46ce9.jpg,20151009123034561742ea46ce9.jpg,20151009123034561742ea46ce9.jpg', '活着咨询的问题已得到解决', '15919940006', 1443500168, 0, 0, 0, 0, 0),
(62, '15919940002', 0, '20151009123034561742ea46ce9.jpg,20151009123034561742ea46ce9.jpg,20151009123034561742ea46ce9.jpg,20151009123034561742ea46ce9.jpg,20151009123034561742ea46ce9.jpg', '活着咨询的问题已得到解决', '15919940006', 1443500169, 0, 0, 0, 0, 0),
(63, '15919940002', 0, '20151009123034561742ea46ce9.jpg,20151009123034561742ea46ce9.jpg,20151009123034561742ea46ce9.jpg,20151009123034561742ea46ce9.jpg,20151009123034561742ea46ce9.jpg', '活着咨询的问题已得到解决', '15919940006', 1443500169, 0, 0, 0, 0, 0),
(64, '15919940002', 0, '20151009123034561742ea46ce9.jpg,20151009123034561742ea46ce9.jpg,20151009123034561742ea46ce9.jpg,20151009123034561742ea46ce9.jpg,20151009123034561742ea46ce9.jpg', '活着咨询的问题已得到解决', '15919940006', 1443500169, 0, 0, 0, 0, 0),
(65, '15919940002', 0, '20151009123034561742ea46ce9.jpg,20151009123034561742ea46ce9.jpg,20151009123034561742ea46ce9.jpg,20151009123034561742ea46ce9.jpg,20151009123034561742ea46ce9.jpg', '活着咨询的问题已得到解决', '15919940006', 1443500169, 0, 0, 0, 0, 0),
(66, '15919940002', 0, '20151009123034561742ea46ce9.jpg,20151009123034561742ea46ce9.jpg,20151009123034561742ea46ce9.jpg,20151009123034561742ea46ce9.jpg,20151009123034561742ea46ce9.jpg', '活着咨询的问题已得到解决', '15919940006', 1443500182, 0, 0, 0, 0, 0),
(67, '15919940002', 0, '20151009123034561742ea46ce9.jpg,20151009123034561742ea46ce9.jpg,20151009123034561742ea46ce9.jpg,20151009123034561742ea46ce9.jpg,20151009123034561742ea46ce9.jpg', '活着咨询的问题已得到解决', '15919940006', 1443500189, 0, 0, 0, 0, 0),
(68, '15919940002', 0, '20151009123034561742ea46ce9.jpg,20151009123034561742ea46ce9.jpg,20151009123034561742ea46ce9.jpg,20151009123034561742ea46ce9.jpg,20151009123034561742ea46ce9.jpg', '活着咨询的问题已得到解决', '15919940006', 1443500195, 0, 0, 0, 0, 0),
(69, '15919940002', 0, '20151009123034561742ea46ce9.jpg,20151009123034561742ea46ce9.jpg,20151009123034561742ea46ce9.jpg,20151009123034561742ea46ce9.jpg,20151009123034561742ea46ce9.jpg', '活着咨询的问题已得到解决', '15919940006', 1443500274, 0, 0, 0, 0, 0),
(70, '15919940002', 0, '20151009123034561742ea46ce9.jpg,20151009123034561742ea46ce9.jpg,20151009123034561742ea46ce9.jpg,20151009123034561742ea46ce9.jpg,20151009123034561742ea46ce9.jpg', '活着咨询的问题已得到解决', '15919940006', 1443500308, 0, 0, 0, 0, 0),
(71, '159199400011', 0, '20151009123034561742ea46ce9.jpg,20151009123034561742ea46ce9.jpg,20151009123034561742ea46ce9.jpg,20151009123034561742ea46ce9.jpg,20151009123034561742ea46ce9.jpg', '活着咨询的问题已得到解决', '15919940006', 1443500375, 0, 0, 0, 0, 0),
(72, '159199400011', 0, '20151009123034561742ea46ce9.jpg,20151009123034561742ea46ce9.jpg,20151009123034561742ea46ce9.jpg,20151009123034561742ea46ce9.jpg,20151009123034561742ea46ce9.jpg', '活着咨询的问题已得到解决', '15919940006', 1443500467, 0, 0, 0, 0, 0),
(73, '159199400011', 0, '20151009123034561742ea46ce9.jpg,20151009123034561742ea46ce9.jpg,20151009123034561742ea46ce9.jpg,20151009123034561742ea46ce9.jpg,20151009123034561742ea46ce9.jpg', '活着咨询的问题已得到解决', '15919940006', 1443500491, 0, 0, 0, 0, 0),
(74, '159199400011', 0, '20151009123034561742ea46ce9.jpg,20151009123034561742ea46ce9.jpg,20151009123034561742ea46ce9.jpg,20151009123034561742ea46ce9.jpg,20151009123034561742ea46ce9.jpg', '活着咨询的问题已得到解决', '15919940006', 1443500627, 0, 0, 0, 0, 0),
(75, '159199400011', 0, '20151009123034561742ea46ce9.jpg,20151009123034561742ea46ce9.jpg,20151009123034561742ea46ce9.jpg,20151009123034561742ea46ce9.jpg,20151009123034561742ea46ce9.jpg', '活着咨询的问题已得到解决', '15919940006', 1443500628, 0, 0, 0, 0, 0),
(76, '159199400011', 0, '20151009123034561742ea46ce9.jpg,20151009123034561742ea46ce9.jpg,20151009123034561742ea46ce9.jpg,20151009123034561742ea46ce9.jpg,20151009123034561742ea46ce9.jpg', '活着咨询的问题已得到解决', '15919940006', 1443500668, 0, 0, 0, 0, 0),
(77, '159199400011', 0, '20151009123034561742ea46ce9.jpg,20151009123034561742ea46ce9.jpg,20151009123034561742ea46ce9.jpg,20151009123034561742ea46ce9.jpg,20151009123034561742ea46ce9.jpg', '活着咨询的问题已得到解决', '15919940006', 1443500669, 0, 0, 0, 0, 0),
(78, '159199400011', 0, '20151009123034561742ea46ce9.jpg,20151009123034561742ea46ce9.jpg,20151009123034561742ea46ce9.jpg,20151009123034561742ea46ce9.jpg,20151009123034561742ea46ce9.jpg', '活着咨询的问题已得到解决', '15919940006', 1443500670, 0, 0, 0, 0, 0),
(79, '159199400011', 0, '20151009123034561742ea46ce9.jpg,20151009123034561742ea46ce9.jpg,20151009123034561742ea46ce9.jpg,20151009123034561742ea46ce9.jpg,20151009123034561742ea46ce9.jpg', '活着咨询的问题已得到解决', '15919940006', 1443500670, 0, 0, 0, 0, 0),
(80, '159199400011', 0, '20151009123034561742ea46ce9.jpg,20151009123034561742ea46ce9.jpg,20151009123034561742ea46ce9.jpg,20151009123034561742ea46ce9.jpg,20151009123034561742ea46ce9.jpg', '活着咨询的问题已得到解决', '15919940006', 1443500671, 0, 0, 0, 0, 0),
(81, '159199400011', 0, '20151009123034561742ea46ce9.jpg,20151009123034561742ea46ce9.jpg,20151009123034561742ea46ce9.jpg,20151009123034561742ea46ce9.jpg,20151009123034561742ea46ce9.jpg', '活着咨询的问题已得到解决', '15919940006', 1443500671, 0, 0, 0, 0, 0),
(82, '159199400011', 0, '20151009123034561742ea46ce9.jpg,20151009123034561742ea46ce9.jpg,20151009123034561742ea46ce9.jpg,20151009123034561742ea46ce9.jpg,20151009123034561742ea46ce9.jpg', '活着咨询的问题已得到解决', '15919940006', 1443500671, 0, 0, 0, 0, 0),
(83, '159199400011', 0, '20151009123034561742ea46ce9.jpg,20151009123034561742ea46ce9.jpg,20151009123034561742ea46ce9.jpg,20151009123034561742ea46ce9.jpg,20151009123034561742ea46ce9.jpg', '活着咨询的问题已得到解决', '15919940006', 1443500671, 0, 0, 0, 0, 0),
(84, '159199400011', 0, '20151009123034561742ea46ce9.jpg,20151009123034561742ea46ce9.jpg,20151009123034561742ea46ce9.jpg,20151009123034561742ea46ce9.jpg,20151009123034561742ea46ce9.jpg', '活着咨询的问题已得到解决', '15919940006', 1443500673, 0, 0, 0, 0, 0),
(85, '159199400011', 0, '20151009123034561742ea46ce9.jpg,20151009123034561742ea46ce9.jpg,20151009123034561742ea46ce9.jpg,20151009123034561742ea46ce9.jpg,20151009123034561742ea46ce9.jpg', '活着咨询的问题已得到解决', '15919940006', 1443500688, 0, 0, 0, 0, 0),
(86, '159199400011', 0, '20151009123034561742ea46ce9.jpg,20151009123034561742ea46ce9.jpg,20151009123034561742ea46ce9.jpg,20151009123034561742ea46ce9.jpg,20151009123034561742ea46ce9.jpg', '活着咨询的问题已得到解决', '15919940006', 1443501173, 0, 0, 0, 0, 0),
(87, '159199400011', 0, '20151009123034561742ea46ce9.jpg,20151009123034561742ea46ce9.jpg,20151009123034561742ea46ce9.jpg,20151009123034561742ea46ce9.jpg,20151009123034561742ea46ce9.jpg', '活着咨询的问题已得到解决', '15919940006', 1443501176, 0, 0, 0, 0, 0),
(88, '159199400011', 0, '20151009123034561742ea46ce9.jpg,20151009123034561742ea46ce9.jpg,20151009123034561742ea46ce9.jpg,20151009123034561742ea46ce9.jpg,20151009123034561742ea46ce9.jpg', '活着咨询的问题已得到解决', '15919940006', 1443501225, 0, 0, 0, 0, 0),
(89, '159199400011', 0, '20151009123034561742ea46ce9.jpg,20151009123034561742ea46ce9.jpg,20151009123034561742ea46ce9.jpg,20151009123034561742ea46ce9.jpg,20151009123034561742ea46ce9.jpg', '活着咨询的问题已得到解决', '15919940006', 1443501225, 0, 0, 0, 0, 0),
(90, '159199400011', 0, '20151009123034561742ea46ce9.jpg,20151009123034561742ea46ce9.jpg,20151009123034561742ea46ce9.jpg,20151009123034561742ea46ce9.jpg,20151009123034561742ea46ce9.jpg', '活着咨询的问题已得到解决', '15919940006', 1443501278, 0, 0, 0, 0, 0),
(91, '159199400011', 0, '20151009123034561742ea46ce9.jpg,20151009123034561742ea46ce9.jpg,20151009123034561742ea46ce9.jpg,20151009123034561742ea46ce9.jpg,20151009123034561742ea46ce9.jpg', '活着咨询的问题已得到解决', '15919940006', 1443501278, 0, 0, 0, 0, 0),
(92, '159199400011', 0, '20151009123034561742ea46ce9.jpg,20151009123034561742ea46ce9.jpg,20151009123034561742ea46ce9.jpg,20151009123034561742ea46ce9.jpg,20151009123034561742ea46ce9.jpg', '活着咨询的问题已得到解决', '15919940006', 1443501325, 0, 0, 0, 0, 0),
(93, '159199400011', 0, '20151009123034561742ea46ce9.jpg,20151009123034561742ea46ce9.jpg,20151009123034561742ea46ce9.jpg,20151009123034561742ea46ce9.jpg,20151009123034561742ea46ce9.jpg', '活着咨询的问题已得到解决', '15919940006', 1443501326, 0, 0, 0, 0, 0),
(94, '159199400011', 0, '20151009123034561742ea46ce9.jpg,20151009123034561742ea46ce9.jpg,20151009123034561742ea46ce9.jpg,20151009123034561742ea46ce9.jpg,20151009123034561742ea46ce9.jpg', '活着咨询的问题已得到解决', '15919940006', 1443501333, 0, 0, 0, 0, 0),
(95, '159199400011', 0, '20151009123034561742ea46ce9.jpg,20151009123034561742ea46ce9.jpg,20151009123034561742ea46ce9.jpg,20151009123034561742ea46ce9.jpg,20151009123034561742ea46ce9.jpg', '活着咨询的问题已得到解决', '15919940006', 1443501392, 0, 0, 0, 0, 0),
(96, '159199400011', 0, '20151009123034561742ea46ce9.jpg,20151009123034561742ea46ce9.jpg,20151009123034561742ea46ce9.jpg,20151009123034561742ea46ce9.jpg,20151009123034561742ea46ce9.jpg', '活着咨询的问题已得到解决', '15919940006', 1443501433, 0, 0, 0, 0, 0),
(97, '159199400011', 0, '20151009123034561742ea46ce9.jpg,20151009123034561742ea46ce9.jpg,20151009123034561742ea46ce9.jpg,20151009123034561742ea46ce9.jpg,20151009123034561742ea46ce9.jpg', '活着咨询的问题已得到解决', '15919940006', 1443501457, 0, 0, 0, 0, 0),
(98, '159199400011', 0, '20151009123034561742ea46ce9.jpg,20151009123034561742ea46ce9.jpg,20151009123034561742ea46ce9.jpg,20151009123034561742ea46ce9.jpg,20151009123034561742ea46ce9.jpg', '活着咨询的问题已得到解决', '15919940006', 1443501483, 0, 0, 0, 0, 0),
(99, '159199400011', 0, '20151009123034561742ea46ce9.jpg,20151009123034561742ea46ce9.jpg,20151009123034561742ea46ce9.jpg,20151009123034561742ea46ce9.jpg,20151009123034561742ea46ce9.jpg', '活着咨询的问题已得到解决', '15919940006', 1443501516, 0, 0, 0, 0, 0),
(100, '159199400011', 0, '20151009123034561742ea46ce9.jpg,20151009123034561742ea46ce9.jpg,20151009123034561742ea46ce9.jpg,20151009123034561742ea46ce9.jpg,20151009123034561742ea46ce9.jpg', '活着咨询的问题已得到解决', '15919940006', 1443501651, 0, 0, 0, 0, 0),
(101, '21', 0, '20151009123034561742ea46ce9.jpg,20151009123034561742ea46ce9.jpg,20151009123034561742ea46ce9.jpg,20151009123034561742ea46ce9.jpg,20151009123034561742ea46ce9.jpg', '活着咨询的问题已得到解决', '15919940006', 1444295173, 0, 0, 0, 0, 0),
(102, '21', 0, '20151009123034561742ea46ce9.jpg,20151009123034561742ea46ce9.jpg,20151009123034561742ea46ce9.jpg,20151009123034561742ea46ce9.jpg,20151009123034561742ea46ce9.jpg', '活着咨询的问题已得到解决', '15919940006', 1444295383, 0, 0, 0, 0, 0),
(103, '21', 0, '20151009123034561742ea46ce9.jpg,20151009123034561742ea46ce9.jpg,20151009123034561742ea46ce9.jpg,20151009123034561742ea46ce9.jpg,20151009123034561742ea46ce9.jpg', '活着咨询的问题已得到解决', '15919940006', 1444295660, 0, 0, 0, 0, 0),
(104, '21', 0, '20151009123034561742ea46ce9.jpg,20151009123034561742ea46ce9.jpg,20151009123034561742ea46ce9.jpg,20151009123034561742ea46ce9.jpg,20151009123034561742ea46ce9.jpg', '活着咨询的问题已得到解决', '15919940006', 1444298284, 0, 0, 0, 0, 0),
(105, '21', 0, '20151009123034561742ea46ce9.jpg,20151009123034561742ea46ce9.jpg,20151009123034561742ea46ce9.jpg,20151009123034561742ea46ce9.jpg,20151009123034561742ea46ce9.jpg', '活着咨询的问题已得到解决', '15919940006', 1444298330, 0, 0, 0, 0, 0),
(106, '21', 0, '20151009123034561742ea46ce9.jpg,20151009123034561742ea46ce9.jpg,20151009123034561742ea46ce9.jpg,20151009123034561742ea46ce9.jpg,20151009123034561742ea46ce9.jpg', '活着咨询的问题已得到解决', '15919940006', 1444358206, 0, 0, 0, 0, 0),
(107, '21', 0, '20151009123034561742ea46ce9.jpg,20151009123034561742ea46ce9.jpg,20151009123034561742ea46ce9.jpg,20151009123034561742ea46ce9.jpg,20151009123034561742ea46ce9.jpg', '活着咨询的问题已得到解决', '15919940006', 1444358225, 0, 0, 0, 0, 0),
(108, '21', 0, '160840259.jpg,160840259.jpg,160840259.jpg,160840259.jpg', '活着咨询的问题已得到解决', '15919940006', 1444367559, 0, 0, 0, 0, 0);

/*!40101 SET CHARACTER_SET_CLIENT=@OLD_CHARACTER_SET_CLIENT */;
/*!40101 SET CHARACTER_SET_RESULTS=@OLD_CHARACTER_SET_RESULTS */;
/*!40101 SET COLLATION_CONNECTION=@OLD_COLLATION_CONNECTION */;
